Metric,Value
Success Rate (%),23.0
Average Best Fitness,0.0024531545720308267
Best Solution Found,0.00012947914256276078
Execution Time (s),47.50951838493347
