Metric,Value
Success Rate (%),0.0
Average Best Fitness,0.003199673020447736
Best Solution Found,0.00016238207931929604
Execution Time (s),12.94745922088623
