Metric,Value
Success Rate (%),25.0
Average Best Fitness,0.002376853085499184
Best Solution Found,4.7454146729967204e-07
Execution Time (s),256.93766713142395
