{
    "Total Execution Time (s)": 5.859265327453613,
    "Success Rate (%)": 100.0,
    "Average Best Fitness": 3.441303965720411e-06,
    "Best Solution Found": 7.890941710189398e-11,
    "Chromosome for Best Solution": [
        0.9999990627380326,
        0.9999999780145798
    ],
    "Mean of Optimal Points": [
        1.0000465957761935,
        1.0000358788985186
    ],
    "Standard Deviation of Optimal Points": [
        0.0001894359466437008,
        0.00014658964313621762
    ]
}