Metric,Value
Success Rate (%),28.000000000000004
Average Best Fitness,0.002604368009527938
Best Solution Found,1.2264254266420244e-06
Execution Time (s),63.062068939208984
