{
    "Total Execution Time (s)": 78.49600768089294,
    "Success Rate (%)": 92.0,
    "Average Best Fitness": -0.9984842747643026,
    "Standard Deviation of Best Fitness": 0.0016702993717561084,
    "Best Solution Found": -0.9999742476187881,
    "Chromosome for Best Solution": [
        4.549213262389912e-06,
        0.0008428499045105731
    ],
    "Mean of Optimal Points": [
        0.0009989325742130785,
        -0.0009080782952899661
    ],
    "Standard Deviation of Optimal Points": [
        0.004702259240644665,
        0.0042339860420725
    ]
}