Metric,Value
Success Rate (%),55.00000000000001
Average Best Fitness,0.0003547400674309038
Best Solution Found,2.4910665720431306e-08
Execution Time (s),69.29826068878174
