{
    "Total Execution Time (s)": 54.3551983833313,
    "Success Rate (%)": 41.0,
    "Average Best Fitness": -0.9928760033884022,
    "Standard Deviation of Best Fitness": 0.0071036067742109585,
    "Best Solution Found": -0.9998797973234784,
    "Chromosome for Best Solution": [
        0.0015406741432776316,
        -0.0009707692212558017
    ],
    "Mean of Optimal Points": [
        -0.000918031061129912,
        0.0007282247668133246
    ],
    "Standard Deviation of Optimal Points": [
        0.008909630558812933,
        0.010803543821596349
    ]
}