{
    "Total Execution Time (s)": 48.70595359802246,
    "Success Rate (%)": 16.0,
    "Average Best Fitness": -0.9720771630400478,
    "Standard Deviation of Best Fitness": 0.021378744906205945,
    "Best Solution Found": -0.9998165889141708,
    "Chromosome for Best Solution": [
        -0.0021241357245578574,
        -0.0007402533977872716
    ],
    "Mean of Optimal Points": [
        0.0024090402380368093,
        -0.003079966378242982
    ],
    "Standard Deviation of Optimal Points": [
        0.13531461579840584,
        0.1417204293637477
    ]
}