Metric,Value
Success Rate (%),48.0
Average Best Fitness,0.0009187627095252526
Best Solution Found,1.7758695142667696e-06
Execution Time (s),351.0944027900696
