Metric,Value
Success Rate (%),7.000000000000001
Average Best Fitness,0.01779832784070923
Best Solution Found,0.0002607290871889225
Execution Time (s),29.64948296546936
