{
    "Total Execution Time (s)": 618.3739120960236,
    "Success Rate (%)": 28.000000000000004,
    "Average Best Fitness": 