{
    "Total Execution Time (s)": 53.20634627342224,
    "Success Rate (%)": 100.0,
    "Average Best Fitness": -0.9999386631937531,
    "Standard Deviation of Best Fitness": 6.312920776810438e-05,
    "Best Solution Found": -0.999997777535197,
    "Chromosome for Best Solution": [
        -0.00012974587660998654,
        -0.00021089197971952854
    ],
    "Mean of Optimal Points": [
        0.0001554706509981907,
        0.00010196944913369676
    ],
    "Standard Deviation of Optimal Points": [
        0.0009081551178315147,
        0.0009125825771448872
    ]
}