{
    "Total Execution Time (s)": 29.672632455825806,
    "Success Rate (%)": 6.0,
    "Average Best Fitness": -0.9582909240936166,
    "Standard Deviation of Best Fitness": 0.022220209020850652,
    "Best Solution Found": -0.9995417060967745,
    "Chromosome for Best Solution": [
        -0.002751546426493112,
        -0.0022524493169705506
    ],
    "Mean of Optimal Points": [
        0.007265025778338563,
        -0.0017587687046571598
    ],
    "Standard Deviation of Optimal Points": [
        0.2104749263455929,
        0.22555858893635655
    ]
}