{
    "Total Execution Time (s)": 22.85768413543701,
    "Success Rate (%)": 12.0,
    "Average Best Fitness": -0.9710875143739836,
    "Standard Deviation of Best Fitness": 0.021328896486513017,
    "Best Solution Found": -0.999816700449503,
    "Chromosome for Best Solution": [
        -0.0009274949045832703,
        0.0020485613624506294
    ],
    "Mean of Optimal Points": [
        0.012966995549217819,
        -0.006619369912306219
    ],
    "Standard Deviation of Optimal Points": [
        0.13265522831583187,
        0.14367076391349307
    ]
}