{
    "Total Execution Time (s)": 357.3490436077118,
    "Success Rate (%)": 74.0,
    "Average Best Fitness": -0.9964314046017126,
    "Standard Deviation of Best Fitness": 0.00586621525643266,
    "Best Solution Found": -0.999981464267911,
    "Chromosome for Best Solution": [
        0.00030729256344674827,
        0.0006456818118068045
    ],
    "Mean of Optimal Points": [
        0.00047155685958397175,
        8.76847318886758e-05
    ],
    "Standard Deviation of Optimal Points": [
        0.0077196693476570336,
        0.006249993145980122
    ]
}