{
    "Total Execution Time (s)": 57.251381397247314,
    "Success Rate (%)": 88.0,
    "Average Best Fitness": -0.998362352233981,
    "Standard Deviation of Best Fitness": 0.0016187157214618596,
    "Best Solution Found": -0.9999968721635093,
    "Chromosome for Best Solution": [
        9.515353118622061e-05,
        -0.0002779047330704887
    ],
    "Mean of Optimal Points": [
        -0.0001515207374189676,
        0.00013831585468085747
    ],
    "Standard Deviation of Optimal Points": [
        0.004585733835224449,
        0.004914739003254414
    ]
}