{
    "Total Execution Time (s)": 59.60771727561951,
    "Success Rate (%)": 94.0,
    "Average Best Fitness": -0.9987113363601593,
    "Standard Deviation of Best Fitness": 0.0011555641752240377,
    "Best Solution Found": -0.9999715141118967,
    "Chromosome for Best Solution": [
        -0.0007632852890731984,
        0.00045080004861951933
    ],
    "Mean of Optimal Points": [
        0.0005277327772770276,
        6.728384815452106e-05
    ],
    "Standard Deviation of Optimal Points": [
        0.004045882945682781,
        0.004350279673490011
    ]
}