Metric,Value
Success Rate (%),32.0
Average Best Fitness,0.0022201688560771725
Best Solution Found,2.1172115781229358e-05
Execution Time (s),209.3618767261505
