Metric,Value
Success Rate (%),56.99999999999999
Average Best Fitness,0.0003987748671967586
Best Solution Found,2.873196358107282e-06
Execution Time (s),82.85807037353516
