{
    "Total Execution Time (s)": 76.96133089065552,
    "Success Rate (%)": 50.0,
    "Average Best Fitness": 0.0003694098912933092,
    "Standard Deviation of Best Fitness": 0.0003245356553354969,
    "Best Solution Found": 4.134894521250233e-06,
    "Chromosome for Best Solution": [
        1.0000221701370324,
        0.9979776046595988
    ],
    "Mean of Optimal Points": [
        1.0001607142991054,
        1.0014848010775803
    ],
    "Standard Deviation of Optimal Points": [
        0.00144586686276882,
        0.013198595058977408
    ]
}