Metric,Value
Success Rate (%),26.0
Average Best Fitness,0.0024618947897443563
Best Solution Found,4.121761137200417e-05
Execution Time (s),124.51532888412476
