{
    "Total Execution Time (s)": 64.23362874984741,
    "Success Rate (%)": 94.0,
    "Average Best Fitness": -0.9988549209033512,
    "Standard Deviation of Best Fitness": 0.0012018609269778932,
    "Best Solution Found": -0.9999930281021782,
    "Chromosome for Best Solution": [
        0.00019130776244441483,
        -0.0003946264130458288
    ],
    "Mean of Optimal Points": [
        -0.00029539225737321547,
        -0.00041309996137414945
    ],
    "Standard Deviation of Optimal Points": [
        0.004023947027943086,
        0.0038940840617681573
    ]
}