Metric,Value
Success Rate (%),28.000000000000004
Average Best Fitness,-0.9871263310250653
Best Solution Found,-0.9998496849324451
Execution Time (s),107.29954218864441
