{
    "Total Execution Time (s)": 107.29954218864441,
    "Success Rate (%)": 28.000000000000004,
    "Average Best Fitness": -0.9871263310250653,
    "Standard Deviation of Best Fitness": 0.015495772951253359,
    "Best Solution Found": -0.9998496849324451,
    "Chromosome for Best Solution": [
        -0.0018461712407329411,
        -0.0008593506439858872
    ],
    "Mean of Optimal Points": [
        0.001623743750964779,
        0.0070669691738982484
    ],
    "Standard Deviation of Optimal Points": [
        0.06071637901295112,
        0.06845060676111026
    ]
}