Metric,Value
Success Rate (%),46.666666666666664
Average Best Fitness,-0.990875407016919
Best Solution Found,-0.9999913006351174
Execution Time (s),217.50603532791138
