Metric,Value
Success Rate (%),45.33333333333333
Average Best Fitness,-0.992548499958294
Best Solution Found,-0.9999890925300889
Execution Time (s),172.66332578659058
