{
    "Total Execution Time (s)": 217.50603532791138,
    "Success Rate (%)": 46.666666666666664,
    "Average Best Fitness": -0.990875407016919,
    "Standard Deviation of Best Fitness": 0.012096676004779606,
    "Best Solution Found": -0.9999913006351174,
    "Chromosome for Best Solution": [
        -0.00028204421350784895,
        -0.000400542434555895
    ],
    "Mean of Optimal Points": [
        0.0006867071768390992,
        0.0031086066706859836
    ],
    "Standard Deviation of Optimal Points": [
        0.05254265453345814,
        0.03266189705955977
    ]
}