Metric,Value
Success Rate (%),39.0
Average Best Fitness,0.0016216944801314818
Best Solution Found,3.8438686035693555e-06
Execution Time (s),206.06307196617126
