Metric,Value
Success Rate (%),16.0
Average Best Fitness,0.0034843173212136193
Best Solution Found,7.901750100436752e-06
Execution Time (s),114.39747977256775
