Metric,Value
Success Rate (%),61.0
Average Best Fitness,0.00028856340681200106
Best Solution Found,7.305872365693707e-07
Execution Time (s),59.513468503952026
