Metric,Value
Success Rate (%),51.0
Average Best Fitness,0.00036128827163703516
Best Solution Found,2.5460126873215848e-06
Execution Time (s),66.47405648231506
