{
    "Total Execution Time (s)": 186.91756749153137,
    "Success Rate (%)": 100.0,
    "Average Best Fitness": -0.9999999182149044,
    "Standard Deviation of Best Fitness": 8.086426772470046e-08,
    "Best Solution Found": -0.9999999991126913,
    "Chromosome for Best Solution": [
        6.126300971692449e-07,
        4.909395910568615e-06
    ],
    "Mean of Optimal Points": [
        6.434248591695517e-06,
        1.2946207679221045e-06
    ],
    "Standard Deviation of Optimal Points": [
        3.2782519083391246e-05,
        3.373976185412491e-05
    ]
}